STATION,STATION_NAME,DATE,PRCP,SNOW,TMAX,AWND
GHCND:USW00094728,NY CITY CENTRAL PARK NY US,20150101,0.00,0.0,39,7.2
GHCND:USW00094728,NY CITY CENTRAL PARK NY US,20150102,0.00,0.0,42,7.2
GHCND:USW00094728,NY CITY CENTRAL PARK NY US,20150103,0.71,0.0,42,6.5
GHCND:USW00094728,NY CITY CENTRAL PARK NY US,20150104,0.30,0.0,56,6.5
GHCND:USW00094728,NY CITY CENTRAL PARK NY US,20150105,0.00,0.0,49,10.5
GHCND:USW00094728,NY CITY CENTRAL PARK NY US,20150106,0.05,1.0,22,4.0
GHCND:USW00094728,NY CITY CENTRAL PARK NY US,20150107,0.00,0.0,23,12.8
GHCND:USW00094728,NY CITY CENTRAL PARK NY US,20150108,0.00,0.0,21,8.7
GHCND:USW00094728,NY CITY CENTRAL PARK NY US,20150109,0.07,1.5,33,8.7
GHCND:USW00094728,NY CITY CENTRAL PARK NY US,20150110,0.00,0.0,23,8.1
GHCND:USW00094728,NY CITY CENTRAL PARK NY US,20150111,0.00,0.0,37,6.0
GHCND:USW00094728,NY CITY CENTRAL PARK NY US,20150112,0.36,0.0,39,3.8
GHCND:USW00094728,NY CITY CENTRAL PARK NY US,20150113,0.00,0.0,36,8.5
GHCND:USW00094728,NY CITY CENTRAL PARK NY US,20150114,0.00,0.0,32,6.3
GHCND:USW00094728,NY CITY CENTRAL PARK NY US,20150115,0.00,0.0,35,4.7
GHCND:USW00094728,NY CITY CENTRAL PARK NY US,20150116,0.00,0.0,43,9.8
GHCND:USW00094728,NY CITY CENTRAL PARK NY US,20150117,0.00,0.0,32,6.0
GHCND:USW00094728,NY CITY CENTRAL PARK NY US,20150118,2.10,0.0,42,3.8
GHCND:USW00094728,NY CITY CENTRAL PARK NY US,20150119,0.00,0.0,42,7.6
GHCND:USW00094728,NY CITY CENTRAL PARK NY US,20150120,0.00,0.0,40,5.8
GHCND:USW00094728,NY CITY CENTRAL PARK NY US,20150121,0.00,0.0,36,4.3
GHCND:USW00094728,NY CITY CENTRAL PARK NY US,20150122,0.00,0.0,40,5.6
GHCND:USW00094728,NY CITY CENTRAL PARK NY US,20150123,0.00,0.0,39,5.6
GHCND:USW00094728,NY CITY CENTRAL PARK NY US,20150124,0.72,3.6,39,6.0
GHCND:USW00094728,NY CITY CENTRAL PARK NY US,20150125,0.00,0.0,42,6.3
GHCND:USW00094728,NY CITY CENTRAL PARK NY US,20150126,0.48,5.5,31,12.8
GHCND:USW00094728,NY CITY CENTRAL PARK NY US,20150127,0.36,4.3,30,8.3
GHCND:USW00094728,NY CITY CENTRAL PARK NY US,20150128,0.00,0.0,34,7.6
GHCND:USW00094728,NY CITY CENTRAL PARK NY US,20150129,0.02,0.0,36,3.8
GHCND:USW00094728,NY CITY CENTRAL PARK NY US,20150130,0.06,1.0,38,10.5
GHCND:USW00094728,NY CITY CENTRAL PARK NY US,20150131,0.00,0.0,26,12.3
GHCND:USW00094728,NY CITY CENTRAL PARK NY US,20150201,0.03,0.3,36,3.8
GHCND:USW00094728,NY CITY CENTRAL PARK NY US,20150202,1.02,5.0,34,9.8
GHCND:USW00094728,NY CITY CENTRAL PARK NY US,20150203,0.00,0.0,26,7.2
GHCND:USW00094728,NY CITY CENTRAL PARK NY US,20150204,0.00,0.0,43,4.3
GHCND:USW00094728,NY CITY CENTRAL PARK NY US,20150205,0.00,0.0,42,8.5
GHCND:USW00094728,NY CITY CENTRAL PARK NY US,20150206,0.00,0.0,27,7.2
GHCND:USW00094728,NY CITY CENTRAL PARK NY US,20150207,0.02,0.0,40,3.8
GHCND:USW00094728,NY CITY CENTRAL PARK NY US,20150208,0.00,0.0,37,8.5
GHCND:USW00094728,NY CITY CENTRAL PARK NY US,20150209,0.09,0.0,29,11.0
GHCND:USW00094728,NY CITY CENTRAL PARK NY US,20150210,0.01,0.1,40,10.5
GHCND:USW00094728,NY CITY CENTRAL PARK NY US,20150211,0.00,0.0,34,6.5
GHCND:USW00094728,NY CITY CENTRAL PARK NY US,20150212,0.00,0.0,40,7.4
GHCND:USW00094728,NY CITY CENTRAL PARK NY US,20150213,0.00,0.0,21,9.2
GHCND:USW00094728,NY CITY CENTRAL PARK NY US,20150214,0.02,0.9,32,5.4
GHCND:USW00094728,NY CITY CENTRAL PARK NY US,20150215,0.00,0.0,25,14.5
GHCND:USW00094728,NY CITY CENTRAL PARK NY US,20150216,0.00,0.0,21,6.9
GHCND:USW00094728,NY CITY CENTRAL PARK NY US,20150217,0.14,3.3,27,4.7
GHCND:USW00094728,NY CITY CENTRAL PARK NY US,20150218,0.00,0.0,33,4.3
GHCND:USW00094728,NY CITY CENTRAL PARK NY US,20150219,0.00,0.0,27,11.4
GHCND:USW00094728,NY CITY CENTRAL PARK NY US,20150220,0.00,0.0,19,10.3
GHCND:USW00094728,NY CITY CENTRAL PARK NY US,20150221,0.61,3.0,32,4.5
GHCND:USW00094728,NY CITY CENTRAL PARK NY US,20150222,0.10,1.0,43,2.9
GHCND:USW00094728,NY CITY CENTRAL PARK NY US,20150223,0.00,0.0,38,11.2
GHCND:USW00094728,NY CITY CENTRAL PARK NY US,20150224,0.00,0.0,24,5.8
GHCND:USW00094728,NY CITY CENTRAL PARK NY US,20150225,0.00,0.0,37,6.5
GHCND:USW00094728,NY CITY CENTRAL PARK NY US,20150226,0.00,0.0,32,7.2
GHCND:USW00094728,NY CITY CENTRAL PARK NY US,20150227,0.00,0.0,30,6.0
GHCND:USW00094728,NY CITY CENTRAL PARK NY US,20150228,0.00,0.0,29,3.6
GHCND:USW00094728,NY CITY CENTRAL PARK NY US,20150301,0.52,4.8,31,2.2
GHCND:USW00094728,NY CITY CENTRAL PARK NY US,20150302,0.00,0.0,39,8.1
GHCND:USW00094728,NY CITY CENTRAL PARK NY US,20150303,0.67,1.8,37,4.9
GHCND:USW00094728,NY CITY CENTRAL PARK NY US,20150304,0.25,0.0,45,6.0
GHCND:USW00094728,NY CITY CENTRAL PARK NY US,20150305,0.76,7.5,40,5.8
GHCND:USW00094728,NY CITY CENTRAL PARK NY US,20150306,0.00,0.0,27,6.3
GHCND:USW00094728,NY CITY CENTRAL PARK NY US,20150307,0.00,0.0,38,5.1
GHCND:USW00094728,NY CITY CENTRAL PARK NY US,20150308,0.00,0.0,49,5.1
GHCND:USW00094728,NY CITY CENTRAL PARK NY US,20150309,0.01,0.0,54,4.7
GHCND:USW00094728,NY CITY CENTRAL PARK NY US,20150310,0.46,0.0,53,3.6
GHCND:USW00094728,NY CITY CENTRAL PARK NY US,20150311,0.01,0.0,59,6.9
GHCND:USW00094728,NY CITY CENTRAL PARK NY US,20150312,0.00,0.0,47,8.3
GHCND:USW00094728,NY CITY CENTRAL PARK NY US,20150313,0.00,0.0,43,6.5
GHCND:USW00094728,NY CITY CENTRAL PARK NY US,20150314,0.81,0.0,51,5.6
GHCND:USW00094728,NY CITY CENTRAL PARK NY US,20150315,0.00,0.0,44,11.4
GHCND:USW00094728,NY CITY CENTRAL PARK NY US,20150316,0.00,0.0,52,3.8
GHCND:USW00094728,NY CITY CENTRAL PARK NY US,20150317,0.02,0.0,57,9.6
GHCND:USW00094728,NY CITY CENTRAL PARK NY US,20150318,0.00,0.0,39,9.6
GHCND:USW00094728,NY CITY CENTRAL PARK NY US,20150319,0.00,0.0,43,5.8
GHCND:USW00094728,NY CITY CENTRAL PARK NY US,20150320,0.40,4.5,38,7.8
GHCND:USW00094728,NY CITY CENTRAL PARK NY US,20150321,0.00,0.0,47,5.4
GHCND:USW00094728,NY CITY CENTRAL PARK NY US,20150322,0.00,0.0,43,7.6
GHCND:USW00094728,NY CITY CENTRAL PARK NY US,20150323,0.00,0.0,38,6.7
GHCND:USW00094728,NY CITY CENTRAL PARK NY US,20150324,0.00,0.0,45,4.0
GHCND:USW00094728,NY CITY CENTRAL PARK NY US,20150325,0.05,0.0,49,4.5
GHCND:USW00094728,NY CITY CENTRAL PARK NY US,20150326,0.32,0.0,62,2.9
GHCND:USW00094728,NY CITY CENTRAL PARK NY US,20150327,0.27,0.0,46,4.3
GHCND:USW00094728,NY CITY CENTRAL PARK NY US,20150328,0.00,0.0,40,7.6
GHCND:USW00094728,NY CITY CENTRAL PARK NY US,20150329,0.00,0.0,46,6.3
GHCND:USW00094728,NY CITY CENTRAL PARK NY US,20150330,0.00,0.0,54,7.8
GHCND:USW00094728,NY CITY CENTRAL PARK NY US,20150331,0.17,0.0,47,5.4
GHCND:USW00094728,NY CITY CENTRAL PARK NY US,20150401,0.00,0.0,51,5.1
GHCND:USW00094728,NY CITY CENTRAL PARK NY US,20150402,0.00,0.0,67,6.3
GHCND:USW00094728,NY CITY CENTRAL PARK NY US,20150403,0.04,0.0,64,6.7
GHCND:USW00094728,NY CITY CENTRAL PARK NY US,20150404,0.01,0.0,60,10.1
GHCND:USW00094728,NY CITY CENTRAL PARK NY US,20150405,0.00,0.0,61,4.9
GHCND:USW00094728,NY CITY CENTRAL PARK NY US,20150406,0.00,0.0,63,4.3
GHCND:USW00094728,NY CITY CENTRAL PARK NY US,20150407,0.15,0.0,62,6.9
GHCND:USW00094728,NY CITY CENTRAL PARK NY US,20150408,0.00,0.0,45,11.4
GHCND:USW00094728,NY CITY CENTRAL PARK NY US,20150409,0.00,0.0,43,8.9
GHCND:USW00094728,NY CITY CENTRAL PARK NY US,20150410,0.17,0.0,56,4.7
GHCND:USW00094728,NY CITY CENTRAL PARK NY US,20150411,0.00,0.0,57,8.7
GHCND:USW00094728,NY CITY CENTRAL PARK NY US,20150412,0.00,0.0,66,3.4
GHCND:USW00094728,NY CITY CENTRAL PARK NY US,20150413,0.00,0.0,68,4.7
GHCND:USW00094728,NY CITY CENTRAL PARK NY US,20150414,0.01,0.0,65,3.8
GHCND:USW00094728,NY CITY CENTRAL PARK NY US,20150415,0.00,0.0,72,6.3
GHCND:USW00094728,NY CITY CENTRAL PARK NY US,20150416,0.00,0.0,64,6.5
GHCND:USW00094728,NY CITY CENTRAL PARK NY US,20150417,0.08,0.0,71,5.1
GHCND:USW00094728,NY CITY CENTRAL PARK NY US,20150418,0.00,0.0,80,4.3
GHCND:USW00094728,NY CITY CENTRAL PARK NY US,20150419,0.00,0.0,64,8.5
GHCND:USW00094728,NY CITY CENTRAL PARK NY US,20150420,1.37,0.0,57,7.4
GHCND:USW00094728,NY CITY CENTRAL PARK NY US,20150421,0.20,0.0,65,6.0
GHCND:USW00094728,NY CITY CENTRAL PARK NY US,20150422,0.05,0.0,69,6.5
GHCND:USW00094728,NY CITY CENTRAL PARK NY US,20150423,0.00,0.0,52,9.2
GHCND:USW00094728,NY CITY CENTRAL PARK NY US,20150424,0.00,0.0,52,8.5
GHCND:USW00094728,NY CITY CENTRAL PARK NY US,20150425,0.00,0.0,62,5.6
GHCND:USW00094728,NY CITY CENTRAL PARK NY US,20150426,0.00,0.0,64,5.1
GHCND:USW00094728,NY CITY CENTRAL PARK NY US,20150427,0.00,0.0,62,5.8
GHCND:USW00094728,NY CITY CENTRAL PARK NY US,20150428,0.00,0.0,71,7.8
GHCND:USW00094728,NY CITY CENTRAL PARK NY US,20150429,0.00,0.0,78,5.6
GHCND:USW00094728,NY CITY CENTRAL PARK NY US,20150430,0.00,0.0,67,8.1
GHCND:USW00094728,NY CITY CENTRAL PARK NY US,20150501,0.00,0.0,63,5.1
GHCND:USW00094728,NY CITY CENTRAL PARK NY US,20150502,0.00,0.0,74,2.9
GHCND:USW00094728,NY CITY CENTRAL PARK NY US,20150503,0.00,0.0,80,2.5
GHCND:USW00094728,NY CITY CENTRAL PARK NY US,20150504,0.00,0.0,85,5.4
GHCND:USW00094728,NY CITY CENTRAL PARK NY US,20150505,0.00,0.0,85,4.0
GHCND:USW00094728,NY CITY CENTRAL PARK NY US,20150506,0.00,0.0,73,4.9
GHCND:USW00094728,NY CITY CENTRAL PARK NY US,20150507,0.00,0.0,80,2.2
GHCND:USW00094728,NY CITY CENTRAL PARK NY US,20150508,0.00,0.0,82,2.9
GHCND:USW00094728,NY CITY CENTRAL PARK NY US,20150509,0.00,0.0,70,4.3
GHCND:USW00094728,NY CITY CENTRAL PARK NY US,20150510,0.00,0.0,83,3.6
GHCND:USW00094728,NY CITY CENTRAL PARK NY US,20150511,0.00,0.0,84,3.8
GHCND:USW00094728,NY CITY CENTRAL PARK NY US,20150512,0.00,0.0,86,5.4
GHCND:USW00094728,NY CITY CENTRAL PARK NY US,20150513,0.00,0.0,70,7.4
GHCND:USW00094728,NY CITY CENTRAL PARK NY US,20150514,0.00,0.0,73,3.8
GHCND:USW00094728,NY CITY CENTRAL PARK NY US,20150515,0.00,0.0,75,3.4
GHCND:USW00094728,NY CITY CENTRAL PARK NY US,20150516,0.30,0.0,75,2.0
GHCND:USW00094728,NY CITY CENTRAL PARK NY US,20150517,0.02,0.0,83,2.0
GHCND:USW00094728,NY CITY CENTRAL PARK NY US,20150518,0.00,0.0,75,4.7
GHCND:USW00094728,NY CITY CENTRAL PARK NY US,20150519,0.00,0.0,80,2.5
GHCND:USW00094728,NY CITY CENTRAL PARK NY US,20150520,0.00,0.0,67,6.9
GHCND:USW00094728,NY CITY CENTRAL PARK NY US,20150521,0.00,0.0,62,2.7
GHCND:USW00094728,NY CITY CENTRAL PARK NY US,20150522,0.00,0.0,74,6.0
GHCND:USW00094728,NY CITY CENTRAL PARK NY US,20150523,0.00,0.0,70,4.5
GHCND:USW00094728,NY CITY CENTRAL PARK NY US,20150524,0.00,0.0,81,3.8
GHCND:USW00094728,NY CITY CENTRAL PARK NY US,20150525,0.00,0.0,85,4.9
GHCND:USW00094728,NY CITY CENTRAL PARK NY US,20150526,0.00,0.0,88,5.1
GHCND:USW00094728,NY CITY CENTRAL PARK NY US,20150527,0.08,0.0,85,5.1
GHCND:USW00094728,NY CITY CENTRAL PARK NY US,20150528,0.00,0.0,85,4.0
GHCND:USW00094728,NY CITY CENTRAL PARK NY US,20150529,0.00,0.0,85,4.0
GHCND:USW00094728,NY CITY CENTRAL PARK NY US,20150530,0.00,0.0,85,5.6
GHCND:USW00094728,NY CITY CENTRAL PARK NY US,20150531,1.46,0.0,87,5.6
GHCND:USW00094728,NY CITY CENTRAL PARK NY US,20150601,0.72,0.0,58,10.3
GHCND:USW00094728,NY CITY CENTRAL PARK NY US,20150602,0.37,0.0,55,6.3
GHCND:USW00094728,NY CITY CENTRAL PARK NY US,20150603,0.00,0.0,70,4.7
GHCND:USW00094728,NY CITY CENTRAL PARK NY US,20150604,0.00,0.0,65,5.1
GHCND:USW00094728,NY CITY CENTRAL PARK NY US,20150605,0.13,0.0,70,2.9
GHCND:USW00094728,NY CITY CENTRAL PARK NY US,20150606,0.19,0.0,76,4.7
GHCND:USW00094728,NY CITY CENTRAL PARK NY US,20150607,0.00,0.0,74,3.8
GHCND:USW00094728,NY CITY CENTRAL PARK NY US,20150608,0.06,0.0,79,6.0
GHCND:USW00094728,NY CITY CENTRAL PARK NY US,20150609,0.01,0.0,83,4.9
GHCND:USW00094728,NY CITY CENTRAL PARK NY US,20150610,0.00,0.0,82,3.1
GHCND:USW00094728,NY CITY CENTRAL PARK NY US,20150611,0.00,0.0,89,4.5
GHCND:USW00094728,NY CITY CENTRAL PARK NY US,20150612,0.00,0.0,88,4.5
GHCND:USW00094728,NY CITY CENTRAL PARK NY US,20150613,0.00,0.0,86,5.4
GHCND:USW00094728,NY CITY CENTRAL PARK NY US,20150614,0.36,0.0,88,2.7
GHCND:USW00094728,NY CITY CENTRAL PARK NY US,20150615,0.57,0.0,83,4.7
GHCND:USW00094728,NY CITY CENTRAL PARK NY US,20150616,0.27,0.0,79,2.2
GHCND:USW00094728,NY CITY CENTRAL PARK NY US,20150617,0.00,0.0,82,3.8
GHCND:USW00094728,NY CITY CENTRAL PARK NY US,20150618,0.00,0.0,71,3.6
GHCND:USW00094728,NY CITY CENTRAL PARK NY US,20150619,0.00,0.0,87,3.8
GHCND:USW00094728,NY CITY CENTRAL PARK NY US,20150620,0.00,0.0,75,5.4
GHCND:USW00094728,NY CITY CENTRAL PARK NY US,20150621,0.64,0.0,88,4.5
GHCND:USW00094728,NY CITY CENTRAL PARK NY US,20150622,0.00,0.0,87,4.9
GHCND:USW00094728,NY CITY CENTRAL PARK NY US,20150623,0.02,0.0,90,5.8
GHCND:USW00094728,NY CITY CENTRAL PARK NY US,20150624,0.00,0.0,84,4.7
GHCND:USW00094728,NY CITY CENTRAL PARK NY US,20150625,0.00,0.0,83,3.1
GHCND:USW00094728,NY CITY CENTRAL PARK NY US,20150626,0.00,0.0,81,4.5
GHCND:USW00094728,NY CITY CENTRAL PARK NY US,20150627,1.12,0.0,71,7.4
GHCND:USW00094728,NY CITY CENTRAL PARK NY US,20150628,0.29,0.0,73,5.4
GHCND:USW00094728,NY CITY CENTRAL PARK NY US,20150629,0.00,0.0,76,4.9
GHCND:USW00094728,NY CITY CENTRAL PARK NY US,20150630,0.04,0.0,82,4.9
GHCND:USW00094728,NY CITY CENTRAL PARK NY US,20150701,0.39,0.0,82,4.3
GHCND:USW00094728,NY CITY CENTRAL PARK NY US,20150702,0.00,0.0,80,1.1
GHCND:USW00094728,NY CITY CENTRAL PARK NY US,20150703,0.00,0.0,82,2.9
GHCND:USW00094728,NY CITY CENTRAL PARK NY US,20150704,0.00,0.0,75,3.4
GHCND:USW00094728,NY CITY CENTRAL PARK NY US,20150705,0.00,0.0,83,1.6
GHCND:USW00094728,NY CITY CENTRAL PARK NY US,20150706,0.00,0.0,83,2.9
GHCND:USW00094728,NY CITY CENTRAL PARK NY US,20150707,0.12,0.0,88,4.9
GHCND:USW00094728,NY CITY CENTRAL PARK NY US,20150708,0.00,0.0,88,3.1
GHCND:USW00094728,NY CITY CENTRAL PARK NY US,20150709,0.30,0.0,79,4.7
GHCND:USW00094728,NY CITY CENTRAL PARK NY US,20150710,0.00,0.0,84,4.7
GHCND:USW00094728,NY CITY CENTRAL PARK NY US,20150711,0.00,0.0,88,2.5
GHCND:USW00094728,NY CITY CENTRAL PARK NY US,20150712,0.00,0.0,89,2.0
GHCND:USW00094728,NY CITY CENTRAL PARK NY US,20150713,0.00,0.0,88,2.7
GHCND:USW00094728,NY CITY CENTRAL PARK NY US,20150714,0.42,0.0,82,2.7
GHCND:USW00094728,NY CITY CENTRAL PARK NY US,20150715,0.12,0.0,81,4.5
GHCND:USW00094728,NY CITY CENTRAL PARK NY US,20150716,0.00,0.0,80,5.6
GHCND:USW00094728,NY CITY CENTRAL PARK NY US,20150717,0.00,0.0,81,3.8
GHCND:USW00094728,NY CITY CENTRAL PARK NY US,20150718,0.32,0.0,85,4.5
GHCND:USW00094728,NY CITY CENTRAL PARK NY US,20150719,0.00,0.0,93,3.1
GHCND:USW00094728,NY CITY CENTRAL PARK NY US,20150720,0.00,0.0,94,4.5
GHCND:USW00094728,NY CITY CENTRAL PARK NY US,20150721,0.00,0.0,89,2.5
GHCND:USW00094728,NY CITY CENTRAL PARK NY US,20150722,0.00,0.0,85,5.8
GHCND:USW00094728,NY CITY CENTRAL PARK NY US,20150723,0.00,0.0,86,3.8
GHCND:USW00094728,NY CITY CENTRAL PARK NY US,20150724,0.00,0.0,87,2.0
GHCND:USW00094728,NY CITY CENTRAL PARK NY US,20150725,0.00,0.0,88,3.1
GHCND:USW00094728,NY CITY CENTRAL PARK NY US,20150726,0.00,0.0,90,4.5
GHCND:USW00094728,NY CITY CENTRAL PARK NY US,20150727,0.36,0.0,86,2.9
GHCND:USW00094728,NY CITY CENTRAL PARK NY US,20150728,0.00,0.0,95,2.7
GHCND:USW00094728,NY CITY CENTRAL PARK NY US,20150729,0.00,0.0,96,3.8
GHCND:USW00094728,NY CITY CENTRAL PARK NY US,20150730,1.95,0.0,87,4.3
GHCND:USW00094728,NY CITY CENTRAL PARK NY US,20150731,0.00,0.0,89,3.4
GHCND:USW00094728,NY CITY CENTRAL PARK NY US,20150801,0.00,0.0,89,4.5
GHCND:USW00094728,NY CITY CENTRAL PARK NY US,20150802,0.00,0.0,89,2.0
GHCND:USW00094728,NY CITY CENTRAL PARK NY US,20150803,0.00,0.0,90,4.9
GHCND:USW00094728,NY CITY CENTRAL PARK NY US,20150804,0.43,0.0,89,5.4
GHCND:USW00094728,NY CITY CENTRAL PARK NY US,20150805,0.00,0.0,87,2.9
GHCND:USW00094728,NY CITY CENTRAL PARK NY US,20150806,0.00,0.0,83,2.5
GHCND:USW00094728,NY CITY CENTRAL PARK NY US,20150807,0.00,0.0,84,5.4
GHCND:USW00094728,NY CITY CENTRAL PARK NY US,20150808,0.00,0.0,82,3.8
GHCND:USW00094728,NY CITY CENTRAL PARK NY US,20150809,0.00,0.0,85,3.8
GHCND:USW00094728,NY CITY CENTRAL PARK NY US,20150810,0.00,0.0,84,4.5
GHCND:USW00094728,NY CITY CENTRAL PARK NY US,20150811,1.17,0.0,81,4.3
GHCND:USW00094728,NY CITY CENTRAL PARK NY US,20150812,0.00,0.0,85,4.7
GHCND:USW00094728,NY CITY CENTRAL PARK NY US,20150813,0.00,0.0,83,3.1
GHCND:USW00094728,NY CITY CENTRAL PARK NY US,20150814,0.00,0.0,88,2.9
GHCND:USW00094728,NY CITY CENTRAL PARK NY US,20150815,0.00,0.0,92,3.4
GHCND:USW00094728,NY CITY CENTRAL PARK NY US,20150816,0.00,0.0,93,1.6
GHCND:USW00094728,NY CITY CENTRAL PARK NY US,20150817,0.00,0.0,95,3.4
GHCND:USW00094728,NY CITY CENTRAL PARK NY US,20150818,0.29,0.0,90,4.0
GHCND:USW00094728,NY CITY CENTRAL PARK NY US,20150819,0.00,0.0,87,4.0
GHCND:USW00094728,NY CITY CENTRAL PARK NY US,20150820,0.01,0.0,86,5.6
GHCND:USW00094728,NY CITY CENTRAL PARK NY US,20150821,0.32,0.0,87,4.3
GHCND:USW00094728,NY CITY CENTRAL PARK NY US,20150822,0.00,0.0,86,4.5
GHCND:USW00094728,NY CITY CENTRAL PARK NY US,20150823,0.00,0.0,85,4.0
GHCND:USW00094728,NY CITY CENTRAL PARK NY US,20150824,0.00,0.0,87,2.5
GHCND:USW00094728,NY CITY CENTRAL PARK NY US,20150825,0.00,0.0,90,3.8
GHCND:USW00094728,NY CITY CENTRAL PARK NY US,20150826,0.00,0.0,85,3.8
GHCND:USW00094728,NY CITY CENTRAL PARK NY US,20150827,0.00,0.0,82,3.1
GHCND:USW00094728,NY CITY CENTRAL PARK NY US,20150828,0.00,0.0,82,2.5
GHCND:USW00094728,NY CITY CENTRAL PARK NY US,20150829,0.00,0.0,87,2.0
GHCND:USW00094728,NY CITY CENTRAL PARK NY US,20150830,0.13,0.0,90,4.0
GHCND:USW00094728,NY CITY CENTRAL PARK NY US,20150831,0.00,0.0,91,4.5
GHCND:USW00094728,NY CITY CENTRAL PARK NY US,20150901,0.00,0.0,90,2.2
GHCND:USW00094728,NY CITY CENTRAL PARK NY US,20150902,0.00,0.0,91,1.8
GHCND:USW00094728,NY CITY CENTRAL PARK NY US,20150903,0.00,0.0,93,2.0
GHCND:USW00094728,NY CITY CENTRAL PARK NY US,20150904,0.00,0.0,85,6.9
GHCND:USW00094728,NY CITY CENTRAL PARK NY US,20150905,0.00,0.0,83,4.0
GHCND:USW00094728,NY CITY CENTRAL PARK NY US,20150906,0.00,0.0,87,1.3
GHCND:USW00094728,NY CITY CENTRAL PARK NY US,20150907,0.00,0.0,92,4.3
GHCND:USW00094728,NY CITY CENTRAL PARK NY US,20150908,0.00,0.0,97,4.9
GHCND:USW00094728,NY CITY CENTRAL PARK NY US,20150909,0.00,0.0,90,3.8
GHCND:USW00094728,NY CITY CENTRAL PARK NY US,20150910,1.58,0.0,79,6.3
GHCND:USW00094728,NY CITY CENTRAL PARK NY US,20150911,0.00,0.0,81,5.1
GHCND:USW00094728,NY CITY CENTRAL PARK NY US,20150912,0.29,0.0,79,4.3
GHCND:USW00094728,NY CITY CENTRAL PARK NY US,20150913,0.04,0.0,80,6.3
GHCND:USW00094728,NY CITY CENTRAL PARK NY US,20150914,0.00,0.0,77,6.5
GHCND:USW00094728,NY CITY CENTRAL PARK NY US,20150915,0.00,0.0,84,2.2
GHCND:USW00094728,NY CITY CENTRAL PARK NY US,20150916,0.00,0.0,88,1.3
GHCND:USW00094728,NY CITY CENTRAL PARK NY US,20150917,0.00,0.0,89,2.2
GHCND:USW00094728,NY CITY CENTRAL PARK NY US,20150918,0.00,0.0,87,2.0
GHCND:USW00094728,NY CITY CENTRAL PARK NY US,20150919,0.00,0.0,83,2.7
GHCND:USW00094728,NY CITY CENTRAL PARK NY US,20150920,0.00,0.0,79,7.8
GHCND:USW00094728,NY CITY CENTRAL PARK NY US,20150921,0.00,0.0,73,7.6
GHCND:USW00094728,NY CITY CENTRAL PARK NY US,20150922,0.00,0.0,71,6.9
GHCND:USW00094728,NY CITY CENTRAL PARK NY US,20150923,0.00,0.0,80,2.9
GHCND:USW00094728,NY CITY CENTRAL PARK NY US,20150924,0.00,0.0,82,4.3
GHCND:USW00094728,NY CITY CENTRAL PARK NY US,20150925,0.00,0.0,76,6.3
GHCND:USW00094728,NY CITY CENTRAL PARK NY US,20150926,0.00,0.0,72,6.0
GHCND:USW00094728,NY CITY CENTRAL PARK NY US,20150927,0.00,0.0,71,4.9
GHCND:USW00094728,NY CITY CENTRAL PARK NY US,20150928,0.00,0.0,78,3.4
GHCND:USW00094728,NY CITY CENTRAL PARK NY US,20150929,0.11,0.0,83,2.7
GHCND:USW00094728,NY CITY CENTRAL PARK NY US,20150930,1.26,0.0,79,8.3
GHCND:USW00094728,NY CITY CENTRAL PARK NY US,20151001,0.09,0.0,64,8.7
GHCND:USW00094728,NY CITY CENTRAL PARK NY US,20151002,1.08,0.0,57,12.5
GHCND:USW00094728,NY CITY CENTRAL PARK NY US,20151003,0.35,0.0,55,11.4
GHCND:USW00094728,NY CITY CENTRAL PARK NY US,20151004,0.00,0.0,63,10.7
GHCND:USW00094728,NY CITY CENTRAL PARK NY US,20151005,0.00,0.0,67,6.3
GHCND:USW00094728,NY CITY CENTRAL PARK NY US,20151006,0.00,0.0,73,1.6
GHCND:USW00094728,NY CITY CENTRAL PARK NY US,20151007,0.00,0.0,73,2.9
GHCND:USW00094728,NY CITY CENTRAL PARK NY US,20151008,0.00,0.0,72,3.4
GHCND:USW00094728,NY CITY CENTRAL PARK NY US,20151009,0.89,0.0,78,4.0
GHCND:USW00094728,NY CITY CENTRAL PARK NY US,20151010,0.00,0.0,65,2.5
GHCND:USW00094728,NY CITY CENTRAL PARK NY US,20151011,0.00,0.0,69,3.8
GHCND:USW00094728,NY CITY CENTRAL PARK NY US,20151012,0.00,0.0,77,3.8
GHCND:USW00094728,NY CITY CENTRAL PARK NY US,20151013,0.01,0.0,72,3.6
GHCND:USW00094728,NY CITY CENTRAL PARK NY US,20151014,0.00,0.0,69,3.8
GHCND:USW00094728,NY CITY CENTRAL PARK NY US,20151015,0.00,0.0,64,4.0
GHCND:USW00094728,NY CITY CENTRAL PARK NY US,20151016,0.00,0.0,64,5.4
GHCND:USW00094728,NY CITY CENTRAL PARK NY US,20151017,0.00,0.0,56,5.8
GHCND:USW00094728,NY CITY CENTRAL PARK NY US,20151018,0.00,0.0,50,4.9
GHCND:USW00094728,NY CITY CENTRAL PARK NY US,20151019,0.00,0.0,53,3.8
GHCND:USW00094728,NY CITY CENTRAL PARK NY US,20151020,0.00,0.0,70,6.0
GHCND:USW00094728,NY CITY CENTRAL PARK NY US,20151021,0.00,0.0,76,2.2
GHCND:USW00094728,NY CITY CENTRAL PARK NY US,20151022,0.00,0.0,75,4.7
GHCND:USW00094728,NY CITY CENTRAL PARK NY US,20151023,0.00,0.0,65,6.7
GHCND:USW00094728,NY CITY CENTRAL PARK NY US,20151024,0.00,0.0,57,4.0
GHCND:USW00094728,NY CITY CENTRAL PARK NY US,20151025,0.05,0.0,68,4.9
GHCND:USW00094728,NY CITY CENTRAL PARK NY US,20151026,0.00,0.0,58,3.8
GHCND:USW00094728,NY CITY CENTRAL PARK NY US,20151027,0.00,0.0,59,4.5
GHCND:USW00094728,NY CITY CENTRAL PARK NY US,20151028,1.40,0.0,69,6.7
GHCND:USW00094728,NY CITY CENTRAL PARK NY US,20151029,0.04,0.0,73,6.5
GHCND:USW00094728,NY CITY CENTRAL PARK NY US,20151030,0.00,0.0,61,5.8
GHCND:USW00094728,NY CITY CENTRAL PARK NY US,20151031,0.00,0.0,56,2.9
GHCND:USW00094728,NY CITY CENTRAL PARK NY US,20151101,0.00,0.0,65,4.9
GHCND:USW00094728,NY CITY CENTRAL PARK NY US,20151102,0.00,0.0,63,2.0
GHCND:USW00094728,NY CITY CENTRAL PARK NY US,20151103,0.00,0.0,72,2.5
GHCND:USW00094728,NY CITY CENTRAL PARK NY US,20151104,0.00,0.0,70,2.5
GHCND:USW00094728,NY CITY CENTRAL PARK NY US,20151105,0.01,0.0,71,2.0
GHCND:USW00094728,NY CITY CENTRAL PARK NY US,20151106,0.00,0.0,74,4.7
GHCND:USW00094728,NY CITY CENTRAL PARK NY US,20151107,0.00,0.0,72,4.5
GHCND:USW00094728,NY CITY CENTRAL PARK NY US,20151108,0.00,0.0,56,3.6
GHCND:USW00094728,NY CITY CENTRAL PARK NY US,20151109,0.00,0.0,59,2.0
GHCND:USW00094728,NY CITY CENTRAL PARK NY US,20151110,0.26,0.0,57,9.8
GHCND:USW00094728,NY CITY CENTRAL PARK NY US,20151111,0.43,0.0,58,4.9
GHCND:USW00094728,NY CITY CENTRAL PARK NY US,20151112,0.01,0.0,61,5.6
GHCND:USW00094728,NY CITY CENTRAL PARK NY US,20151113,0.00,0.0,58,10.7
GHCND:USW00094728,NY CITY CENTRAL PARK NY US,20151114,0.00,0.0,49,7.8
GHCND:USW00094728,NY CITY CENTRAL PARK NY US,20151115,0.00,0.0,58,4.7
GHCND:USW00094728,NY CITY CENTRAL PARK NY US,20151116,0.00,0.0,67,4.0
GHCND:USW00094728,NY CITY CENTRAL PARK NY US,20151117,0.00,0.0,52,6.3
GHCND:USW00094728,NY CITY CENTRAL PARK NY US,20151118,0.00,0.0,58,5.1
GHCND:USW00094728,NY CITY CENTRAL PARK NY US,20151119,1.25,0.0,64,5.6
GHCND:USW00094728,NY CITY CENTRAL PARK NY US,20151120,0.00,0.0,64,5.8
GHCND:USW00094728,NY CITY CENTRAL PARK NY US,20151121,0.00,0.0,53,6.5
GHCND:USW00094728,NY CITY CENTRAL PARK NY US,20151122,0.03,0.0,55,6.3
GHCND:USW00094728,NY CITY CENTRAL PARK NY US,20151123,0.00,0.0,44,5.8
GHCND:USW00094728,NY CITY CENTRAL PARK NY US,20151124,0.00,0.0,46,3.8
GHCND:USW00094728,NY CITY CENTRAL PARK NY US,20151125,0.00,0.0,50,2.7
GHCND:USW00094728,NY CITY CENTRAL PARK NY US,20151126,0.00,0.0,60,2.9
GHCND:USW00094728,NY CITY CENTRAL PARK NY US,20151127,0.00,0.0,64,3.8
GHCND:USW00094728,NY CITY CENTRAL PARK NY US,20151128,0.02,0.0,64,-9999
GHCND:USW00094728,NY CITY CENTRAL PARK NY US,20151129,0.00,0.0,49,-9999
GHCND:USW00094728,NY CITY CENTRAL PARK NY US,20151130,0.00,0.0,47,5.6
GHCND:USW00094728,NY CITY CENTRAL PARK NY US,20151201,0.33,0.0,51,6.7
GHCND:USW00094728,NY CITY CENTRAL PARK NY US,20151202,0.14,0.0,57,2.9
GHCND:USW00094728,NY CITY CENTRAL PARK NY US,20151203,0.00,0.0,55,8.5
GHCND:USW00094728,NY CITY CENTRAL PARK NY US,20151204,0.00,0.0,51,4.3
GHCND:USW00094728,NY CITY CENTRAL PARK NY US,20151205,0.00,0.0,51,2.2
GHCND:USW00094728,NY CITY CENTRAL PARK NY US,20151206,0.00,0.0,53,3.4
GHCND:USW00094728,NY CITY CENTRAL PARK NY US,20151207,0.00,0.0,54,3.8
GHCND:USW00094728,NY CITY CENTRAL PARK NY US,20151208,0.00,0.0,49,4.5
GHCND:USW00094728,NY CITY CENTRAL PARK NY US,20151209,0.00,0.0,55,4.3
GHCND:USW00094728,NY CITY CENTRAL PARK NY US,20151210,0.00,0.0,60,4.3
GHCND:USW00094728,NY CITY CENTRAL PARK NY US,20151211,0.00,0.0,61,4.7
GHCND:USW00094728,NY CITY CENTRAL PARK NY US,20151212,0.00,0.0,66,2.0
GHCND:USW00094728,NY CITY CENTRAL PARK NY US,20151213,0.00,0.0,67,3.4
GHCND:USW00094728,NY CITY CENTRAL PARK NY US,20151214,0.33,0.0,67,4.7
GHCND:USW00094728,NY CITY CENTRAL PARK NY US,20151215,0.09,0.0,68,10.5
GHCND:USW00094728,NY CITY CENTRAL PARK NY US,20151216,0.04,0.0,53,5.4
GHCND:USW00094728,NY CITY CENTRAL PARK NY US,20151217,1.21,0.0,59,4.9
GHCND:USW00094728,NY CITY CENTRAL PARK NY US,20151218,0.00,0.0,57,6.7
GHCND:USW00094728,NY CITY CENTRAL PARK NY US,20151219,0.00,0.0,40,9.4
GHCND:USW00094728,NY CITY CENTRAL PARK NY US,20151220,0.00,0.0,43,6.0
GHCND:USW00094728,NY CITY CENTRAL PARK NY US,20151221,0.00,0.0,56,7.2
GHCND:USW00094728,NY CITY CENTRAL PARK NY US,20151222,0.19,0.0,62,4.9
GHCND:USW00094728,NY CITY CENTRAL PARK NY US,20151223,1.55,0.0,64,3.6
GHCND:USW00094728,NY CITY CENTRAL PARK NY US,20151224,0.01,0.0,72,4.5
GHCND:USW00094728,NY CITY CENTRAL PARK NY US,20151225,0.01,0.0,66,0.9
GHCND:USW00094728,NY CITY CENTRAL PARK NY US,20151226,0.00,0.0,59,8.1
GHCND:USW00094728,NY CITY CENTRAL PARK NY US,20151227,0.12,0.0,61,5.8
GHCND:USW00094728,NY CITY CENTRAL PARK NY US,20151228,0.03,0.0,46,8.3
GHCND:USW00094728,NY CITY CENTRAL PARK NY US,20151229,0.45,0.0,46,6.9
GHCND:USW00094728,NY CITY CENTRAL PARK NY US,20151230,0.19,0.0,48,4.0
GHCND:USW00094728,NY CITY CENTRAL PARK NY US,20151231,0.03,0.0,48,5.4
GHCND:USW00094728,NY CITY CENTRAL PARK NY US,20160101,0.00,0.0,42,7.6
GHCND:USW00094728,NY CITY CENTRAL PARK NY US,20160102,0.00,0.0,40,6.7
GHCND:USW00094728,NY CITY CENTRAL PARK NY US,20160103,0.00,0.0,45,7.8
GHCND:USW00094728,NY CITY CENTRAL PARK NY US,20160104,0.00,0.0,36,8.5
GHCND:USW00094728,NY CITY CENTRAL PARK NY US,20160105,0.00,0.0,29,5.1
GHCND:USW00094728,NY CITY CENTRAL PARK NY US,20160106,0.00,0.0,41,3.6
GHCND:USW00094728,NY CITY CENTRAL PARK NY US,20160107,0.00,0.0,46,2.5
GHCND:USW00094728,NY CITY CENTRAL PARK NY US,20160108,0.00,0.0,46,4.3
GHCND:USW00094728,NY CITY CENTRAL PARK NY US,20160109,0.00,0.0,47,8.1
GHCND:USW00094728,NY CITY CENTRAL PARK NY US,20160110,1.80,0.0,59,9.8
GHCND:USW00094728,NY CITY CENTRAL PARK NY US,20160111,0.00,0.0,40,10.5
GHCND:USW00094728,NY CITY CENTRAL PARK NY US,20160112,0.00,0.0,44,6.0
GHCND:USW00094728,NY CITY CENTRAL PARK NY US,20160113,0.00,0.0,30,9.8
GHCND:USW00094728,NY CITY CENTRAL PARK NY US,20160114,0.00,0.0,38,4.9
GHCND:USW00094728,NY CITY CENTRAL PARK NY US,20160115,0.00,0.0,51,5.1
GHCND:USW00094728,NY CITY CENTRAL PARK NY US,20160116,0.24,0.0,52,6.7
GHCND:USW00094728,NY CITY CENTRAL PARK NY US,20160117,0.05,0.4,42,5.6
GHCND:USW00094728,NY CITY CENTRAL PARK NY US,20160118,0.00,0.0,31,11.9
GHCND:USW00094728,NY CITY CENTRAL PARK NY US,20160119,0.00,0.0,28,11.0
GHCND:USW00094728,NY CITY CENTRAL PARK NY US,20160120,0.00,0.0,37,5.6
GHCND:USW00094728,NY CITY CENTRAL PARK NY US,20160121,0.00,0.0,36,6.0
GHCND:USW00094728,NY CITY CENTRAL PARK NY US,20160122,0.01,0.2,30,6.5
GHCND:USW00094728,NY CITY CENTRAL PARK NY US,20160123,2.31,27.3,27,15.7
GHCND:USW00094728,NY CITY CENTRAL PARK NY US,20160124,0.00,0.0,35,5.8
GHCND:USW00094728,NY CITY CENTRAL PARK NY US,20160125,0.00,0.0,39,3.4
GHCND:USW00094728,NY CITY CENTRAL PARK NY US,20160126,0.00,0.0,48,6.5
GHCND:USW00094728,NY CITY CENTRAL PARK NY US,20160127,0.00,0.0,47,6.7
GHCND:USW00094728,NY CITY CENTRAL PARK NY US,20160128,0.00,0.0,42,4.5
GHCND:USW00094728,NY CITY CENTRAL PARK NY US,20160129,0.00,0.0,41,7.8
GHCND:USW00094728,NY CITY CENTRAL PARK NY US,20160130,0.00,0.0,39,6.9
GHCND:USW00094728,NY CITY CENTRAL PARK NY US,20160131,0.00,0.0,56,5.1
GHCND:USW00094728,NY CITY CENTRAL PARK NY US,20160201,0.01,0.0,59,5.8
GHCND:USW00094728,NY CITY CENTRAL PARK NY US,20160202,0.00,0.0,50,3.6
GHCND:USW00094728,NY CITY CENTRAL PARK NY US,20160203,0.73,0.0,59,6.5
GHCND:USW00094728,NY CITY CENTRAL PARK NY US,20160204,0.00,0.0,59,5.8
GHCND:USW00094728,NY CITY CENTRAL PARK NY US,20160205,0.53,2.5,44,8.3
GHCND:USW00094728,NY CITY CENTRAL PARK NY US,20160206,0.00,0.0,40,5.6
GHCND:USW00094728,NY CITY CENTRAL PARK NY US,20160207,0.00,0.0,47,5.4
GHCND:USW00094728,NY CITY CENTRAL PARK NY US,20160208,0.05,0.1,39,10.5
GHCND:USW00094728,NY CITY CENTRAL PARK NY US,20160209,0.00,0.0,36,4.0
GHCND:USW00094728,NY CITY CENTRAL PARK NY US,20160210,0.01,0.0,39,5.8
GHCND:USW00094728,NY CITY CENTRAL PARK NY US,20160211,0.00,0.0,31,10.1
GHCND:USW00094728,NY CITY CENTRAL PARK NY US,20160212,0.00,0.0,27,6.7
GHCND:USW00094728,NY CITY CENTRAL PARK NY US,20160213,0.00,0.0,22,12.3
GHCND:USW00094728,NY CITY CENTRAL PARK NY US,20160214,0.00,0.0,15,6.3
GHCND:USW00094728,NY CITY CENTRAL PARK NY US,20160215,0.44,1.4,35,5.4
GHCND:USW00094728,NY CITY CENTRAL PARK NY US,20160216,1.01,0.0,54,7.8
GHCND:USW00094728,NY CITY CENTRAL PARK NY US,20160217,0.00,0.0,39,7.4
GHCND:USW00094728,NY CITY CENTRAL PARK NY US,20160218,0.00,0.0,36,7.2
GHCND:USW00094728,NY CITY CENTRAL PARK NY US,20160219,0.00,0.0,39,5.4
GHCND:USW00094728,NY CITY CENTRAL PARK NY US,20160220,0.00,0.0,61,7.4
GHCND:USW00094728,NY CITY CENTRAL PARK NY US,20160221,0.03,0.0,55,4.9
GHCND:USW00094728,NY CITY CENTRAL PARK NY US,20160222,0.00,0.0,52,5.1
GHCND:USW00094728,NY CITY CENTRAL PARK NY US,20160223,0.30,0.0,40,14.5
GHCND:USW00094728,NY CITY CENTRAL PARK NY US,20160224,1.22,0.0,60,10.5
GHCND:USW00094728,NY CITY CENTRAL PARK NY US,20160225,0.02,0.0,61,8.9
GHCND:USW00094728,NY CITY CENTRAL PARK NY US,20160226,0.00,0.0,39,8.7
GHCND:USW00094728,NY CITY CENTRAL PARK NY US,20160227,0.00,0.0,41,6.0
GHCND:USW00094728,NY CITY CENTRAL PARK NY US,20160228,0.00,0.0,60,7.4
GHCND:USW00094728,NY CITY CENTRAL PARK NY US,20160229,0.05,0.0,61,8.5
GHCND:USW00094728,NY CITY CENTRAL PARK NY US,20160301,0.00,0.0,52,7.6
GHCND:USW00094728,NY CITY CENTRAL PARK NY US,20160302,0.14,0.0,55,10.5
GHCND:USW00094728,NY CITY CENTRAL PARK NY US,20160303,0.00,0.0,36,5.8
GHCND:USW00094728,NY CITY CENTRAL PARK NY US,20160304,0.11,0.4,39,8.7
GHCND:USW00094728,NY CITY CENTRAL PARK NY US,20160305,0.00,0.0,41,4.3
GHCND:USW00094728,NY CITY CENTRAL PARK NY US,20160306,0.00,0.0,44,3.4
GHCND:USW00094728,NY CITY CENTRAL PARK NY US,20160307,0.00,0.0,60,7.8
GHCND:USW00094728,NY CITY CENTRAL PARK NY US,20160308,0.00,0.0,67,3.4
GHCND:USW00094728,NY CITY CENTRAL PARK NY US,20160309,0.00,0.0,77,2.2
GHCND:USW00094728,NY CITY CENTRAL PARK NY US,20160310,0.00,0.0,79,4.9
GHCND:USW00094728,NY CITY CENTRAL PARK NY US,20160311,0.06,0.0,68,6.0
GHCND:USW00094728,NY CITY CENTRAL PARK NY US,20160312,0.00,0.0,59,5.1
GHCND:USW00094728,NY CITY CENTRAL PARK NY US,20160313,0.00,0.0,62,3.6
GHCND:USW00094728,NY CITY CENTRAL PARK NY US,20160314,0.29,0.0,51,14.1
GHCND:USW00094728,NY CITY CENTRAL PARK NY US,20160315,0.00,0.0,57,5.4
GHCND:USW00094728,NY CITY CENTRAL PARK NY US,20160316,0.02,0.0,65,3.6
GHCND:USW00094728,NY CITY CENTRAL PARK NY US,20160317,0.00,0.0,63,4.9
GHCND:USW00094728,NY CITY CENTRAL PARK NY US,20160318,0.00,0.0,57,8.7
GHCND:USW00094728,NY CITY CENTRAL PARK NY US,20160319,0.00,0.0,46,5.1
GHCND:USW00094728,NY CITY CENTRAL PARK NY US,20160320,0.07,0.0,43,9.6
GHCND:USW00094728,NY CITY CENTRAL PARK NY US,20160321,0.06,0.5,50,8.1
GHCND:USW00094728,NY CITY CENTRAL PARK NY US,20160322,0.00,0.0,56,6.9
GHCND:USW00094728,NY CITY CENTRAL PARK NY US,20160323,0.00,0.0,71,6.0
GHCND:USW00094728,NY CITY CENTRAL PARK NY US,20160324,0.00,0.0,55,9.2
GHCND:USW00094728,NY CITY CENTRAL PARK NY US,20160325,0.04,0.0,72,3.8
GHCND:USW00094728,NY CITY CENTRAL PARK NY US,20160326,0.00,0.0,55,6.5
GHCND:USW00094728,NY CITY CENTRAL PARK NY US,20160327,0.00,0.0,55,5.6
GHCND:USW00094728,NY CITY CENTRAL PARK NY US,20160328,0.38,0.0,62,10.1
GHCND:USW00094728,NY CITY CENTRAL PARK NY US,20160329,0.00,0.0,53,11.6
GHCND:USW00094728,NY CITY CENTRAL PARK NY US,20160330,0.00,0.0,56,5.4
GHCND:USW00094728,NY CITY CENTRAL PARK NY US,20160331,0.00,0.0,73,6.7
GHCND:USW00094728,NY CITY CENTRAL PARK NY US,20160401,0.02,0.0,79,6.7
GHCND:USW00094728,NY CITY CENTRAL PARK NY US,20160402,0.16,0.0,61,4.9
GHCND:USW00094728,NY CITY CENTRAL PARK NY US,20160403,0.09,0.0,50,12.8
GHCND:USW00094728,NY CITY CENTRAL PARK NY US,20160404,0.47,0.0,45,7.2
GHCND:USW00094728,NY CITY CENTRAL PARK NY US,20160405,0.00,0.0,43,8.3
GHCND:USW00094728,NY CITY CENTRAL PARK NY US,20160406,0.00,0.0,48,6.0
GHCND:USW00094728,NY CITY CENTRAL PARK NY US,20160407,0.09,0.0,58,6.9
GHCND:USW00094728,NY CITY CENTRAL PARK NY US,20160408,0.01,0.0,50,7.2
GHCND:USW00094728,NY CITY CENTRAL PARK NY US,20160409,0.11,0.0,43,6.5
GHCND:USW00094728,NY CITY CENTRAL PARK NY US,20160410,0.00,0.0,50,4.9
GHCND:USW00094728,NY CITY CENTRAL PARK NY US,20160411,0.01,0.0,65,6.9
GHCND:USW00094728,NY CITY CENTRAL PARK NY US,20160412,0.20,0.0,59,5.8
GHCND:USW00094728,NY CITY CENTRAL PARK NY US,20160413,0.00,0.0,58,4.5
GHCND:USW00094728,NY CITY CENTRAL PARK NY US,20160414,0.00,0.0,62,6.5
GHCND:USW00094728,NY CITY CENTRAL PARK NY US,20160415,0.00,0.0,65,3.8
GHCND:USW00094728,NY CITY CENTRAL PARK NY US,20160416,0.00,0.0,68,4.9
GHCND:USW00094728,NY CITY CENTRAL PARK NY US,20160417,0.00,0.0,75,2.9
GHCND:USW00094728,NY CITY CENTRAL PARK NY US,20160418,0.00,0.0,82,3.8
GHCND:USW00094728,NY CITY CENTRAL PARK NY US,20160419,0.00,0.0,73,7.6
GHCND:USW00094728,NY CITY CENTRAL PARK NY US,20160420,0.00,0.0,69,6.0
GHCND:USW00094728,NY CITY CENTRAL PARK NY US,20160421,0.00,0.0,73,5.6
GHCND:USW00094728,NY CITY CENTRAL PARK NY US,20160422,0.00,0.0,79,4.3
GHCND:USW00094728,NY CITY CENTRAL PARK NY US,20160423,0.16,0.0,71,7.2
GHCND:USW00094728,NY CITY CENTRAL PARK NY US,20160424,0.00,0.0,68,5.8
GHCND:USW00094728,NY CITY CENTRAL PARK NY US,20160425,0.00,0.0,69,4.0
GHCND:USW00094728,NY CITY CENTRAL PARK NY US,20160426,0.24,0.0,60,7.2
GHCND:USW00094728,NY CITY CENTRAL PARK NY US,20160427,0.00,0.0,62,4.3
GHCND:USW00094728,NY CITY CENTRAL PARK NY US,20160428,0.00,0.0,59,4.7
GHCND:USW00094728,NY CITY CENTRAL PARK NY US,20160429,0.05,0.0,58,5.8
GHCND:USW00094728,NY CITY CENTRAL PARK NY US,20160430,0.00,0.0,65,5.8
GHCND:USW00094728,NY CITY CENTRAL PARK NY US,20160501,0.16,0.0,51,4.9
GHCND:USW00094728,NY CITY CENTRAL PARK NY US,20160502,0.04,0.0,60,2.2
GHCND:USW00094728,NY CITY CENTRAL PARK NY US,20160503,0.61,0.0,56,6.0
GHCND:USW00094728,NY CITY CENTRAL PARK NY US,20160504,0.01,0.0,52,8.7
GHCND:USW00094728,NY CITY CENTRAL PARK NY US,20160505,0.00,0.0,57,8.3
GHCND:USW00094728,NY CITY CENTRAL PARK NY US,20160506,0.54,0.0,54,7.8
GHCND:USW00094728,NY CITY CENTRAL PARK NY US,20160507,0.00,0.0,60,4.5
GHCND:USW00094728,NY CITY CENTRAL PARK NY US,20160508,0.16,0.0,66,4.7
GHCND:USW00094728,NY CITY CENTRAL PARK NY US,20160509,0.00,0.0,72,5.1
GHCND:USW00094728,NY CITY CENTRAL PARK NY US,20160510,0.00,0.0,63,4.9
GHCND:USW00094728,NY CITY CENTRAL PARK NY US,20160511,0.00,0.0,76,2.5
GHCND:USW00094728,NY CITY CENTRAL PARK NY US,20160512,0.00,0.0,80,3.4
GHCND:USW00094728,NY CITY CENTRAL PARK NY US,20160513,0.25,0.0,65,-9999
GHCND:USW00094728,NY CITY CENTRAL PARK NY US,20160514,0.00,0.0,73,-9999
GHCND:USW00094728,NY CITY CENTRAL PARK NY US,20160515,0.00,0.0,59,-9999
GHCND:USW00094728,NY CITY CENTRAL PARK NY US,20160516,0.00,0.0,66,-9999
GHCND:USW00094728,NY CITY CENTRAL PARK NY US,20160517,0.00,0.0,64,3.8
GHCND:USW00094728,NY CITY CENTRAL PARK NY US,20160518,0.00,0.0,68,-9999
GHCND:USW00094728,NY CITY CENTRAL PARK NY US,20160519,0.00,0.0,73,1.3
GHCND:USW00094728,NY CITY CENTRAL PARK NY US,20160520,0.00,0.0,76,4.5
GHCND:USW00094728,NY CITY CENTRAL PARK NY US,20160521,0.04,0.0,66,3.8
GHCND:USW00094728,NY CITY CENTRAL PARK NY US,20160522,0.09,0.0,70,3.6
GHCND:USW00094728,NY CITY CENTRAL PARK NY US,20160523,0.02,0.0,78,2.5
GHCND:USW00094728,NY CITY CENTRAL PARK NY US,20160524,0.18,0.0,73,2.0
GHCND:USW00094728,NY CITY CENTRAL PARK NY US,20160525,0.00,0.0,88,4.3
GHCND:USW00094728,NY CITY CENTRAL PARK NY US,20160526,0.00,0.0,90,3.6
GHCND:USW00094728,NY CITY CENTRAL PARK NY US,20160527,0.00,0.0,87,3.8
GHCND:USW00094728,NY CITY CENTRAL PARK NY US,20160528,0.00,0.0,92,4.5
GHCND:USW00094728,NY CITY CENTRAL PARK NY US,20160529,0.00,0.0,87,4.9
GHCND:USW00094728,NY CITY CENTRAL PARK NY US,20160530,1.65,0.0,82,3.1
GHCND:USW00094728,NY CITY CENTRAL PARK NY US,20160531,0.00,0.0,85,3.1
GHCND:USW00094728,NY CITY CENTRAL PARK NY US,20160601,0.00,0.0,83,6.0
GHCND:USW00094728,NY CITY CENTRAL PARK NY US,20160602,0.00,0.0,78,4.7
GHCND:USW00094728,NY CITY CENTRAL PARK NY US,20160603,0.04,0.0,70,1.3
GHCND:USW00094728,NY CITY CENTRAL PARK NY US,20160604,0.40,0.0,83,2.5
GHCND:USW00094728,NY CITY CENTRAL PARK NY US,20160605,0.91,0.0,71,3.4
GHCND:USW00094728,NY CITY CENTRAL PARK NY US,20160606,0.00,0.0,83,5.6
GHCND:USW00094728,NY CITY CENTRAL PARK NY US,20160607,0.00,0.0,85,5.1
GHCND:USW00094728,NY CITY CENTRAL PARK NY US,20160608,0.45,0.0,67,7.6
GHCND:USW00094728,NY CITY CENTRAL PARK NY US,20160609,0.00,0.0,71,8.9
GHCND:USW00094728,NY CITY CENTRAL PARK NY US,20160610,0.00,0.0,77,5.4
GHCND:USW00094728,NY CITY CENTRAL PARK NY US,20160611,0.00,0.0,88,3.4
GHCND:USW00094728,NY CITY CENTRAL PARK NY US,20160612,0.00,0.0,83,8.1
GHCND:USW00094728,NY CITY CENTRAL PARK NY US,20160613,0.00,0.0,74,7.4
GHCND:USW00094728,NY CITY CENTRAL PARK NY US,20160614,0.00,0.0,79,4.3
GHCND:USW00094728,NY CITY CENTRAL PARK NY US,20160615,0.00,0.0,85,2.5
GHCND:USW00094728,NY CITY CENTRAL PARK NY US,20160616,0.22,0.0,74,1.8
GHCND:USW00094728,NY CITY CENTRAL PARK NY US,20160617,0.00,0.0,78,4.7
GHCND:USW00094728,NY CITY CENTRAL PARK NY US,20160618,0.00,0.0,87,2.7
GHCND:USW00094728,NY CITY CENTRAL PARK NY US,20160619,0.00,0.0,88,2.9
GHCND:USW00094728,NY CITY CENTRAL PARK NY US,20160620,0.00,0.0,84,3.1
GHCND:USW00094728,NY CITY CENTRAL PARK NY US,20160621,0.00,0.0,87,4.9
GHCND:USW00094728,NY CITY CENTRAL PARK NY US,20160622,0.00,0.0,86,4.0
GHCND:USW00094728,NY CITY CENTRAL PARK NY US,20160623,0.00,0.0,83,2.0
GHCND:USW00094728,NY CITY CENTRAL PARK NY US,20160624,0.00,0.0,84,6.3
GHCND:USW00094728,NY CITY CENTRAL PARK NY US,20160625,0.00,0.0,86,3.6
GHCND:USW00094728,NY CITY CENTRAL PARK NY US,20160626,0.00,0.0,87,2.5
GHCND:USW00094728,NY CITY CENTRAL PARK NY US,20160627,0.45,0.0,83,4.9
GHCND:USW00094728,NY CITY CENTRAL PARK NY US,20160628,0.12,0.0,76,3.6
GHCND:USW00094728,NY CITY CENTRAL PARK NY US,20160629,0.01,0.0,83,2.2
GHCND:USW00094728,NY CITY CENTRAL PARK NY US,20160630,0.00,0.0,85,2.9
GHCND:USW00094728,NY CITY CENTRAL PARK NY US,20160701,0.83,0.0,79,3.4
GHCND:USW00094728,NY CITY CENTRAL PARK NY US,20160702,0.00,0.0,76,5.4
GHCND:USW00094728,NY CITY CENTRAL PARK NY US,20160703,0.00,0.0,78,3.1
GHCND:USW00094728,NY CITY CENTRAL PARK NY US,20160704,0.49,0.0,84,3.1
GHCND:USW00094728,NY CITY CENTRAL PARK NY US,20160705,0.66,0.0,86,2.9
GHCND:USW00094728,NY CITY CENTRAL PARK NY US,20160706,0.00,0.0,91,2.5
GHCND:USW00094728,NY CITY CENTRAL PARK NY US,20160707,0.04,0.0,89,2.0
GHCND:USW00094728,NY CITY CENTRAL PARK NY US,20160708,0.08,0.0,86,5.4
GHCND:USW00094728,NY CITY CENTRAL PARK NY US,20160709,0.53,0.0,72,4.0
GHCND:USW00094728,NY CITY CENTRAL PARK NY US,20160710,0.00,0.0,80,4.3
GHCND:USW00094728,NY CITY CENTRAL PARK NY US,20160711,0.00,0.0,81,3.4
GHCND:USW00094728,NY CITY CENTRAL PARK NY US,20160712,0.00,0.0,82,4.3
GHCND:USW00094728,NY CITY CENTRAL PARK NY US,20160713,0.00,0.0,85,4.7
GHCND:USW00094728,NY CITY CENTRAL PARK NY US,20160714,0.62,0.0,88,2.9
GHCND:USW00094728,NY CITY CENTRAL PARK NY US,20160715,0.00,0.0,88,4.5
GHCND:USW00094728,NY CITY CENTRAL PARK NY US,20160716,0.00,0.0,90,4.3
GHCND:USW00094728,NY CITY CENTRAL PARK NY US,20160717,0.00,0.0,89,2.7
GHCND:USW00094728,NY CITY CENTRAL PARK NY US,20160718,0.35,0.0,93,5.8
GHCND:USW00094728,NY CITY CENTRAL PARK NY US,20160719,0.00,0.0,83,4.9
GHCND:USW00094728,NY CITY CENTRAL PARK NY US,20160720,0.00,0.0,85,3.1
GHCND:USW00094728,NY CITY CENTRAL PARK NY US,20160721,0.00,0.0,90,5.1
GHCND:USW00094728,NY CITY CENTRAL PARK NY US,20160722,0.00,0.0,94,6.5
GHCND:USW00094728,NY CITY CENTRAL PARK NY US,20160723,0.00,0.0,96,4.9
GHCND:USW00094728,NY CITY CENTRAL PARK NY US,20160724,0.00,0.0,94,4.0
GHCND:USW00094728,NY CITY CENTRAL PARK NY US,20160725,1.00,0.0,93,3.4
GHCND:USW00094728,NY CITY CENTRAL PARK NY US,20160726,0.00,0.0,89,4.3
GHCND:USW00094728,NY CITY CENTRAL PARK NY US,20160727,0.00,0.0,91,2.0
GHCND:USW00094728,NY CITY CENTRAL PARK NY US,20160728,0.00,0.0,95,3.1
GHCND:USW00094728,NY CITY CENTRAL PARK NY US,20160729,1.09,0.0,85,4.3
GHCND:USW00094728,NY CITY CENTRAL PARK NY US,20160730,0.25,0.0,84,3.6
GHCND:USW00094728,NY CITY CENTRAL PARK NY US,20160731,1.08,0.0,78,4.3
GHCND:USW00094728,NY CITY CENTRAL PARK NY US,20160801,0.00,0.0,80,4.9
GHCND:USW00094728,NY CITY CENTRAL PARK NY US,20160802,0.00,0.0,79,6.9
GHCND:USW00094728,NY CITY CENTRAL PARK NY US,20160803,0.00,0.0,80,2.9
GHCND:USW00094728,NY CITY CENTRAL PARK NY US,20160804,0.00,0.0,81,2.0
GHCND:USW00094728,NY CITY CENTRAL PARK NY US,20160805,0.00,0.0,83,3.8
GHCND:USW00094728,NY CITY CENTRAL PARK NY US,20160806,0.05,0.0,87,5.1
GHCND:USW00094728,NY CITY CENTRAL PARK NY US,20160807,0.00,0.0,86,4.0
GHCND:USW00094728,NY CITY CENTRAL PARK NY US,20160808,0.00,0.0,86,1.3
GHCND:USW00094728,NY CITY CENTRAL PARK NY US,20160809,0.00,0.0,87,2.7
GHCND:USW00094728,NY CITY CENTRAL PARK NY US,20160810,0.09,0.0,86,4.0
GHCND:USW00094728,NY CITY CENTRAL PARK NY US,20160811,0.15,0.0,91,4.5
GHCND:USW00094728,NY CITY CENTRAL PARK NY US,20160812,0.32,0.0,93,5.1
GHCND:USW00094728,NY CITY CENTRAL PARK NY US,20160813,0.00,0.0,96,4.0
GHCND:USW00094728,NY CITY CENTRAL PARK NY US,20160814,0.06,0.0,94,3.8
GHCND:USW00094728,NY CITY CENTRAL PARK NY US,20160815,0.00,0.0,92,2.9
GHCND:USW00094728,NY CITY CENTRAL PARK NY US,20160816,0.11,0.0,87,4.0
GHCND:USW00094728,NY CITY CENTRAL PARK NY US,20160817,0.01,0.0,85,5.4
GHCND:USW00094728,NY CITY CENTRAL PARK NY US,20160818,0.03,0.0,85,1.6
GHCND:USW00094728,NY CITY CENTRAL PARK NY US,20160819,0.01,0.0,88,2.2
GHCND:USW00094728,NY CITY CENTRAL PARK NY US,20160820,0.82,0.0,83,4.7
GHCND:USW00094728,NY CITY CENTRAL PARK NY US,20160821,0.31,0.0,86,4.3
GHCND:USW00094728,NY CITY CENTRAL PARK NY US,20160822,0.00,0.0,79,5.8
GHCND:USW00094728,NY CITY CENTRAL PARK NY US,20160823,0.00,0.0,82,1.8
GHCND:USW00094728,NY CITY CENTRAL PARK NY US,20160824,0.00,0.0,88,-9999
GHCND:USW00094728,NY CITY CENTRAL PARK NY US,20160825,0.01,0.0,86,-9999
GHCND:USW00094728,NY CITY CENTRAL PARK NY US,20160826,0.00,0.0,90,-9999
GHCND:USW00094728,NY CITY CENTRAL PARK NY US,20160827,0.00,0.0,89,2.7
GHCND:USW00094728,NY CITY CENTRAL PARK NY US,20160828,0.00,0.0,89,2.5
GHCND:USW00094728,NY CITY CENTRAL PARK NY US,20160829,0.00,0.0,91,5.4
GHCND:USW00094728,NY CITY CENTRAL PARK NY US,20160830,0.00,0.0,86,3.1
GHCND:USW00094728,NY CITY CENTRAL PARK NY US,20160831,0.00,0.0,89,3.4
GHCND:USW00094728,NY CITY CENTRAL PARK NY US,20160901,0.50,0.0,79,1.8
GHCND:USW00094728,NY CITY CENTRAL PARK NY US,20160902,0.00,0.0,81,6.0
GHCND:USW00094728,NY CITY CENTRAL PARK NY US,20160903,0.00,0.0,75,6.7
GHCND:USW00094728,NY CITY CENTRAL PARK NY US,20160904,0.00,0.0,80,6.7
GHCND:USW00094728,NY CITY CENTRAL PARK NY US,20160905,0.00,0.0,84,7.6
GHCND:USW00094728,NY CITY CENTRAL PARK NY US,20160906,0.00,0.0,80,9.6
GHCND:USW00094728,NY CITY CENTRAL PARK NY US,20160907,0.00,0.0,85,6.5
GHCND:USW00094728,NY CITY CENTRAL PARK NY US,20160908,0.00,0.0,89,2.7
GHCND:USW00094728,NY CITY CENTRAL PARK NY US,20160909,0.22,0.0,91,3.8
GHCND:USW00094728,NY CITY CENTRAL PARK NY US,20160910,0.00,0.0,90,4.0
GHCND:USW00094728,NY CITY CENTRAL PARK NY US,20160911,0.00,0.0,83,5.8
GHCND:USW00094728,NY CITY CENTRAL PARK NY US,20160912,0.00,0.0,78,4.3
GHCND:USW00094728,NY CITY CENTRAL PARK NY US,20160913,0.00,0.0,83,4.0
GHCND:USW00094728,NY CITY CENTRAL PARK NY US,20160914,0.56,0.0,91,4.9
GHCND:USW00094728,NY CITY CENTRAL PARK NY US,20160915,0.00,0.0,74,4.9
GHCND:USW00094728,NY CITY CENTRAL PARK NY US,20160916,0.00,0.0,73,2.7
GHCND:USW00094728,NY CITY CENTRAL PARK NY US,20160917,0.00,0.0,77,3.4
GHCND:USW00094728,NY CITY CENTRAL PARK NY US,20160918,0.00,0.0,82,3.6
GHCND:USW00094728,NY CITY CENTRAL PARK NY US,20160919,0.68,0.0,76,2.5
GHCND:USW00094728,NY CITY CENTRAL PARK NY US,20160920,0.00,0.0,82,2.2
GHCND:USW00094728,NY CITY CENTRAL PARK NY US,20160921,0.00,0.0,84,3.8
GHCND:USW00094728,NY CITY CENTRAL PARK NY US,20160922,0.00,0.0,86,2.5
GHCND:USW00094728,NY CITY CENTRAL PARK NY US,20160923,0.01,0.0,87,1.8
GHCND:USW00094728,NY CITY CENTRAL PARK NY US,20160924,0.20,0.0,71,5.1
GHCND:USW00094728,NY CITY CENTRAL PARK NY US,20160925,0.00,0.0,70,2.9
GHCND:USW00094728,NY CITY CENTRAL PARK NY US,20160926,0.00,0.0,74,4.5
GHCND:USW00094728,NY CITY CENTRAL PARK NY US,20160927,0.22,0.0,74,3.1
GHCND:USW00094728,NY CITY CENTRAL PARK NY US,20160928,0.00,0.0,69,8.1
GHCND:USW00094728,NY CITY CENTRAL PARK NY US,20160929,0.00,0.0,64,11.2
GHCND:USW00094728,NY CITY CENTRAL PARK NY US,20160930,0.40,0.0,59,9.6
GHCND:USW00094728,NY CITY CENTRAL PARK NY US,20161001,0.00,0.0,62,7.6
GHCND:USW00094728,NY CITY CENTRAL PARK NY US,20161002,0.00,0.0,63,2.7
GHCND:USW00094728,NY CITY CENTRAL PARK NY US,20161003,0.00,0.0,72,2.2
GHCND:USW00094728,NY CITY CENTRAL PARK NY US,20161004,0.00,0.0,69,7.6
GHCND:USW00094728,NY CITY CENTRAL PARK NY US,20161005,0.00,0.0,67,4.7
GHCND:USW00094728,NY CITY CENTRAL PARK NY US,20161006,0.00,0.0,73,2.0
GHCND:USW00094728,NY CITY CENTRAL PARK NY US,20161007,0.00,0.0,75,2.5
GHCND:USW00094728,NY CITY CENTRAL PARK NY US,20161008,0.23,0.0,68,2.0
GHCND:USW00094728,NY CITY CENTRAL PARK NY US,20161009,0.55,0.0,65,7.4
GHCND:USW00094728,NY CITY CENTRAL PARK NY US,20161010,0.00,0.0,64,4.7
GHCND:USW00094728,NY CITY CENTRAL PARK NY US,20161011,0.00,0.0,63,3.6
GHCND:USW00094728,NY CITY CENTRAL PARK NY US,20161012,0.00,0.0,66,1.1
GHCND:USW00094728,NY CITY CENTRAL PARK NY US,20161013,0.00,0.0,67,2.9
GHCND:USW00094728,NY CITY CENTRAL PARK NY US,20161014,0.00,0.0,62,4.7
GHCND:USW00094728,NY CITY CENTRAL PARK NY US,20161015,0.00,0.0,65,3.1
GHCND:USW00094728,NY CITY CENTRAL PARK NY US,20161016,0.00,0.0,69,4.0
GHCND:USW00094728,NY CITY CENTRAL PARK NY US,20161017,0.00,0.0,81,2.7
GHCND:USW00094728,NY CITY CENTRAL PARK NY US,20161018,0.00,0.0,81,4.0
GHCND:USW00094728,NY CITY CENTRAL PARK NY US,20161019,0.00,0.0,85,4.5
GHCND:USW00094728,NY CITY CENTRAL PARK NY US,20161020,0.00,0.0,70,6.3
GHCND:USW00094728,NY CITY CENTRAL PARK NY US,20161021,1.11,0.0,69,2.2
GHCND:USW00094728,NY CITY CENTRAL PARK NY US,20161022,0.29,0.0,57,10.5
GHCND:USW00094728,NY CITY CENTRAL PARK NY US,20161023,0.00,0.0,61,8.5
GHCND:USW00094728,NY CITY CENTRAL PARK NY US,20161024,0.00,0.0,62,6.0
GHCND:USW00094728,NY CITY CENTRAL PARK NY US,20161025,0.00,0.0,52,6.5
GHCND:USW00094728,NY CITY CENTRAL PARK NY US,20161026,0.00,0.0,51,4.0
GHCND:USW00094728,NY CITY CENTRAL PARK NY US,20161027,1.41,0.0,55,5.1
GHCND:USW00094728,NY CITY CENTRAL PARK NY US,20161028,0.00,0.0,51,8.3
GHCND:USW00094728,NY CITY CENTRAL PARK NY US,20161029,0.00,0.0,64,4.3
GHCND:USW00094728,NY CITY CENTRAL PARK NY US,20161030,0.56,0.0,76,3.8
GHCND:USW00094728,NY CITY CENTRAL PARK NY US,20161031,0.00,0.0,54,4.9
GHCND:USW00094728,NY CITY CENTRAL PARK NY US,20161101,0.00,0.0,58,3.1
GHCND:USW00094728,NY CITY CENTRAL PARK NY US,20161102,0.00,0.0,70,3.1
GHCND:USW00094728,NY CITY CENTRAL PARK NY US,20161103,0.00,0.0,72,5.1
GHCND:USW00094728,NY CITY CENTRAL PARK NY US,20161104,0.00,0.0,61,4.7
GHCND:USW00094728,NY CITY CENTRAL PARK NY US,20161105,0.00,0.0,62,3.1
GHCND:USW00094728,NY CITY CENTRAL PARK NY US,20161106,0.00,0.0,59,7.6
GHCND:USW00094728,NY CITY CENTRAL PARK NY US,20161107,0.00,0.0,53,5.4
GHCND:USW00094728,NY CITY CENTRAL PARK NY US,20161108,0.00,0.0,66,2.5
GHCND:USW00094728,NY CITY CENTRAL PARK NY US,20161109,0.06,0.0,59,3.6
GHCND:USW00094728,NY CITY CENTRAL PARK NY US,20161110,0.00,0.0,56,5.8
GHCND:USW00094728,NY CITY CENTRAL PARK NY US,20161111,0.00,0.0,63,8.3
GHCND:USW00094728,NY CITY CENTRAL PARK NY US,20161112,0.00,0.0,50,5.4
GHCND:USW00094728,NY CITY CENTRAL PARK NY US,20161113,0.00,0.0,61,5.4
GHCND:USW00094728,NY CITY CENTRAL PARK NY US,20161114,0.00,0.0,62,3.6
GHCND:USW00094728,NY CITY CENTRAL PARK NY US,20161115,1.81,0.0,56,5.6
GHCND:USW00094728,NY CITY CENTRAL PARK NY US,20161116,0.00,0.0,61,4.0
GHCND:USW00094728,NY CITY CENTRAL PARK NY US,20161117,0.00,0.0,61,4.3
GHCND:USW00094728,NY CITY CENTRAL PARK NY US,20161118,0.00,0.0,64,2.5
GHCND:USW00094728,NY CITY CENTRAL PARK NY US,20161119,0.25,0.0,63,4.9
GHCND:USW00094728,NY CITY CENTRAL PARK NY US,20161120,0.31,0.0,42,10.3
GHCND:USW00094728,NY CITY CENTRAL PARK NY US,20161121,0.00,0.0,41,13.2
GHCND:USW00094728,NY CITY CENTRAL PARK NY US,20161122,0.00,0.0,41,9.6
GHCND:USW00094728,NY CITY CENTRAL PARK NY US,20161123,0.00,0.0,45,4.9
GHCND:USW00094728,NY CITY CENTRAL PARK NY US,20161124,0.03,0.0,48,4.5
GHCND:USW00094728,NY CITY CENTRAL PARK NY US,20161125,0.02,0.0,54,2.0
GHCND:USW00094728,NY CITY CENTRAL PARK NY US,20161126,0.00,0.0,50,4.5
GHCND:USW00094728,NY CITY CENTRAL PARK NY US,20161127,0.00,0.0,50,4.7
GHCND:USW00094728,NY CITY CENTRAL PARK NY US,20161128,0.00,0.0,52,3.4
GHCND:USW00094728,NY CITY CENTRAL PARK NY US,20161129,2.20,0.0,60,4.9
GHCND:USW00094728,NY CITY CENTRAL PARK NY US,20161130,0.73,0.0,58,6.3
GHCND:USW00094728,NY CITY CENTRAL PARK NY US,20161201,0.07,0.0,54,7.6
GHCND:USW00094728,NY CITY CENTRAL PARK NY US,20161202,0.00,0.0,51,8.7
GHCND:USW00094728,NY CITY CENTRAL PARK NY US,20161203,0.00,0.0,47,8.7
GHCND:USW00094728,NY CITY CENTRAL PARK NY US,20161204,0.00,0.0,47,4.9
GHCND:USW00094728,NY CITY CENTRAL PARK NY US,20161205,0.19,0.0,49,5.6
GHCND:USW00094728,NY CITY CENTRAL PARK NY US,20161206,0.35,0.0,46,5.4
GHCND:USW00094728,NY CITY CENTRAL PARK NY US,20161207,0.09,0.0,46,3.8
GHCND:USW00094728,NY CITY CENTRAL PARK NY US,20161208,0.00,0.0,45,-9999
GHCND:USW00094728,NY CITY CENTRAL PARK NY US,20161209,0.00,0.0,39,-9999
GHCND:USW00094728,NY CITY CENTRAL PARK NY US,20161210,0.00,0.0,35,6.0
GHCND:USW00094728,NY CITY CENTRAL PARK NY US,20161211,0.03,0.4,35,4.0
GHCND:USW00094728,NY CITY CENTRAL PARK NY US,20161212,0.50,0.0,46,6.3
GHCND:USW00094728,NY CITY CENTRAL PARK NY US,20161213,0.00,0.0,43,4.0
GHCND:USW00094728,NY CITY CENTRAL PARK NY US,20161214,0.00,0.0,42,5.6
GHCND:USW00094728,NY CITY CENTRAL PARK NY US,20161215,0.00,0.0,34,11.0
GHCND:USW00094728,NY CITY CENTRAL PARK NY US,20161216,0.00,0.0,27,6.0
GHCND:USW00094728,NY CITY CENTRAL PARK NY US,20161217,0.73,2.8,39,4.3
GHCND:USW00094728,NY CITY CENTRAL PARK NY US,20161218,0.04,0.0,58,7.4
GHCND:USW00094728,NY CITY CENTRAL PARK NY US,20161219,0.00,0.0,31,6.7
GHCND:USW00094728,NY CITY CENTRAL PARK NY US,20161220,0.00,0.0,33,3.1
GHCND:USW00094728,NY CITY CENTRAL PARK NY US,20161221,0.00,0.0,40,2.9
GHCND:USW00094728,NY CITY CENTRAL PARK NY US,20161222,0.00,0.0,49,6.3
GHCND:USW00094728,NY CITY CENTRAL PARK NY US,20161223,0.00,0.0,47,6.5
GHCND:USW00094728,NY CITY CENTRAL PARK NY US,20161224,0.47,0.0,47,4.9
GHCND:USW00094728,NY CITY CENTRAL PARK NY US,20161225,0.00,0.0,50,6.3
GHCND:USW00094728,NY CITY CENTRAL PARK NY US,20161226,0.02,0.0,50,6.5
GHCND:USW00094728,NY CITY CENTRAL PARK NY US,20161227,0.00,0.0,60,7.2
GHCND:USW00094728,NY CITY CENTRAL PARK NY US,20161228,0.00,0.0,40,5.1
GHCND:USW00094728,NY CITY CENTRAL PARK NY US,20161229,0.39,0.0,46,5.4
GHCND:USW00094728,NY CITY CENTRAL PARK NY US,20161230,0.01,0.0,40,9.4
GHCND:USW00094728,NY CITY CENTRAL PARK NY US,20161231,0.00,0.0,44,6.9
